<!--
  ~   Copyright 2018. AppDynamics LLC and its affiliates.
  ~   All Rights Reserved.
  ~   This is unpublished proprietary source code of AppDynamics LLC and its affiliates.
  ~   The copyright notice above does not evidence any actual or intended publication of such source code.
  ~
  -->

<monitor>
    <name>AWS ECS Monitor</name>
    <type>managed</type>
    <description>AWS ECS Monitoring Extension</description>
    <monitor-configuration></monitor-configuration>
    <monitor-run-task>
        <execution-style>periodic</execution-style>
        <execution-frequency-in-seconds>60</execution-frequency-in-seconds>
        <name>AWS ECS Monitor Run task</name>
        <display-name>AWS ECS Monitor Run task</display-name>
        <description>AWS ECS Monitor Run task</description>
        <type>java</type>
        <execution-timeout-in-secs>60</execution-timeout-in-secs>
        
		<task-arguments>
			<argument name="config-file" is-required="true" default-value="monitors/AWSECSMonitor/conf/config.yaml" />
			<argument name="region-endpoints-config" is-required="true" default-value="monitors/AWSECSMonitor/conf/region-endpoints.yaml" />
		</task-arguments>
            
        <java-task>
            <classpath>aws-ecs-monitoring-extension.jar</classpath>
            <impl-class>com.appdynamics.extensions.aws.ecs.ECSMonitor</impl-class>
        </java-task>
        
    </monitor-run-task>
</monitor>